#Frame,Mode1,Mode2,Mode3
1,94.766,-93.704,-89.572
2,97.085,-66.545,-81.44
3,113.354,-90.786,-90.826
4,112.243,-86.833,-93.377
5,75.47,-65.407,-83.168
6,72.033,-73.411,-96.819
7,72.77,-64.636,-86.593
8,66.953,-80.884,-89.448
9,89.247,-85.918,-98.435
10,70.973,-78.656,-101.268
11,77.874,-93.236,-90.951
12,81.386,-85.141,-71.043
13,74.56,-77.114,-89.28
14,71.705,-74.753,-73.582
15,75.74,-83.262,-80.096
16,68.78,-90.229,-81.173
17,79.484,-102.268,-93.499
18,85.268,-93.752,-79.418
19,96.293,-65.363,-76.084
20,125.684,-60.185,-80.863
21,130.008,-80.571,-75.672
22,113.117,-79.414,-78.712
23,104.515,-47.388,-76.696
24,115.365,-43.787,-83.498
25,136.573,-57.647,-81.541
26,111.955,-67.98,-79.37
27,107.791,-64.418,-71.319
28,122.474,-28.558,-66.537
29,109.273,-39.107,-48.048
30,100.76,-35.355,-33.252
31,99.645,-46.251,-45.364
32,105.35,-21.666,-32.083
33,95.014,-11.32,-25.652
34,86.666,-51.135,-51.102
35,92.834,-54.996,-48.917
36,88.126,-52.376,-64.95
37,78.658,-51.747,-60.462
38,83.872,-41.891,-73.45
39,65.479,-52.919,-65.144
40,85.61,-51.42,-77.272
41,72.681,-64.038,-80.946
42,73.373,-77.964,-77.015
43,77.59,-76.586,-77.019
44,77.914,-86.482,-67.087
45,61.211,-103.272,-55.442
46,50.93,-95.551,-58.398
47,45.163,-62.063,-49.787
48,69.448,-74.048,-49.727
49,46.602,-77.85,-44.668
50,61.344,-76.981,-43.194
51,61.136,-97.129,-51.846
52,71.131,-77.077,-73.358
53,79.039,-79.555,-64.939
54,77.389,-78.819,-80.024
55,67.075,-96.88,-72.345
56,58.98,-90.076,-46.511
57,61.351,-58.495,-42.689
58,77.902,-59.586,-50.476
59,92.777,-59.182,-49.815
60,94.904,-46.086,-44.871
61,79.863,-54.18,-43.655
62,94.028,-76.357,-65.815
63,88.636,-66.038,-66.769
64,90.189,-65.145,-56.591
65,70.353,-40.706,-30.031
66,76.517,-26.137,-27.45
67,72.428,-46.484,-37.196
68,66.69,-39.586,-37.363
69,77.266,-49.114,-78.026
70,69.938,-69.279,-40.724
71,89.817,-61.096,-61.827
72,74.742,-65.522,-34.649
73,52.505,-51.79,-21.674
74,57.467,-27.474,-17.067
75,52.797,-34.759,-17.759
76,69.504,-51.724,-38.589
77,91.648,-45.152,-46.67
78,91.444,-41.573,-30.115
79,115.554,-41.034,-27.29
80,133.706,-26.601,-45.039
81,120.562,-44.157,-43.987
82,142.125,-62.904,-53.953
83,131.855,-82.865,-56.081
84,110.184,-71.01,-42.374
85,123.117,-69.145,-56.123
86,147.842,-78.963,-76.48
87,141.181,-73,-82.593
88,131.531,-73.04,-83.592
89,128.182,-65.393,-75.728
90,125.05,-47.327,-63.467
91,126.25,-50.626,-87.129
92,127.281,-57.497,-87.566
93,139.744,-60.473,-87.843
94,127.641,-58.897,-89.766
95,131.068,-56.182,-97.064
96,125.937,-42.779,-67.05
97,136.315,-32.816,-67.977
98,138.04,-41.079,-69.917
99,130.983,-54.266,-79.364
100,102.085,-27.326,-61.044
101,75.85,-6.933,-62.045
102,73.457,18.335,-68.736
103,78.028,31.268,-57.766
104,68.3,13.281,-48.344
105,74.256,27.153,-58.034
106,95.463,20.06,-57.513
107,88.423,53.161,-50.937
108,97.6,44.681,-55.94
109,112.905,51.87,-60.886
110,111.53,35.688,-83.216
111,124.413,25.188,-76.27
112,111.259,45.093,-87.274
113,111.598,45.607,-101.222
114,95.958,22.701,-95.004
115,117.866,44.952,-75.368
116,112.98,42.935,-98.939
117,112.279,14.583,-71.563
118,116.074,22.36,-73.89
119,131.005,16.624,-70.896
120,136.805,15.989,-57.964
121,110.184,23.012,-71.342
122,106.754,6.374,-85.061
123,95.128,9.727,-80.844
124,103.142,1.131,-66.863
125,124.118,13.114,-70.809
126,121.487,-3.207,-75.519
127,109.418,36.491,-95.869
128,111.656,34.436,-70.064
129,108.411,22.893,-54.354
130,115.864,19.797,-68.85
131,105.784,23.343,-58.177
132,105.524,22.598,-80.654
133,104.284,33.274,-71.259
134,115.154,47.875,-66.66
135,120.092,63.884,-55.312
136,103.586,60.016,-58.112
137,87.443,75.999,-55.69
138,103.597,70.888,-62.849
139,93.35,91.211,-53.949
140,95.315,82.159,-56.428
141,88.403,101.802,-69.865
142,85.311,76.143,-65.731
143,114.26,59.922,-66.829
144,120.307,84.841,-60.218
145,108.788,106.13,-51.01
146,85.902,106.335,-51.681
147,124.433,75.327,-59.544
148,114.392,93.447,-61.32
149,118.451,81.741,-59.94
150,119.72,83.177,-68.12
151,124.669,65.391,-53.166
152,135.653,73.23,-52.886
153,129.605,42.883,-63.283
154,151.119,20.908,-75.434
155,138.195,29.585,-65.856
156,130.672,22.92,-82.744
157,142.541,61.534,-71.207
158,120.516,49.631,-65.333
159,131.827,64.873,-64.112
160,133.203,61.608,-63.643
161,128.977,56.111,-73.66
162,132.315,54.45,-72.559
163,114.4,34.889,-64.791
164,115.856,31.566,-49.929
165,134.527,29.846,-41.24
166,133.886,10.695,-48.371
167,122.225,10.88,-47.76
168,135.293,15.138,-45.92
169,139.384,6.425,-49.845
170,146.884,37.2,-26.763
171,142.312,26.674,-46.013
172,140.832,27.001,-57.407
173,130.48,25.963,-35.757
174,130.012,25.378,-52.448
175,123.286,20.068,-52.197
176,130.822,33.042,-54.122
177,157.217,39.273,-43.78
178,138.377,41.856,-24.598
179,118.381,27.176,-13.734
180,117.466,48.954,-3.075
181,110.397,43.872,-13.529
182,118.52,45.871,-29.271
183,122.45,38.784,-30.594
184,129.295,21.693,-19.61
185,119.144,21.395,-8.081
186,112.868,40.731,-12.027
187,105.533,43.748,8.914
188,114.715,41.036,2.85
189,118.068,61.481,18.227
190,103.959,55.606,6.291
191,107.178,73.564,14.162
192,113.545,68.819,22.916
193,116.019,92.127,24.072
194,114.363,89.156,7.337
195,122.077,78.979,8.128
196,127.687,74.652,13.035
197,121.92,88.779,7.712
198,109.638,100.531,4.877
199,96.264,110.206,23.668
200,112.874,95.849,28.451
201,114.345,107.014,17.154
202,83.124,96.077,41.166
203,87.919,95.377,43.835
204,86.015,102.011,47.789
205,87.464,93.614,55.055
206,102.37,112.794,45.212
207,93.979,95.238,43.09
208,92.195,81.523,42.895
209,104.913,89.875,51.937
210,113.397,70.574,23.519
211,116.731,71.432,34.638
212,115.912,72.696,2.895
213,119.734,60.03,13.048
214,127.695,48.984,4.933
215,109.993,63.953,-5.094
216,111.799,57.924,0.571
217,99.728,74.943,17.02
218,84.534,67.729,15.818
219,89.067,36.558,9.98
220,84.037,33.749,11.568
221,111.268,34.874,11.582
222,87.031,35.289,9.018
223,79.605,48.677,17.922
224,70.821,35.207,6.647
225,86.023,19.24,-10.607
226,93.283,41.606,7.101
227,99.818,43.864,29.3
228,102.364,38.368,-1.209
229,97.579,45.122,8.851
230,91.545,31.034,4.753
231,108.198,49.382,3.942
232,122.858,41.468,13.074
233,99.105,41.868,17.369
234,130.385,26.255,5.604
235,130.613,18.01,21.632
236,110.707,30.765,15.568
237,108.188,37.401,37.082
238,109.976,33.315,16.574
239,106.026,24.824,-13.414
240,109.434,46.714,-13.474
241,98.944,25.833,-7.852
242,102.109,43.162,-10.236
243,118.365,37.681,0.325
244,128.171,32.593,-9.468
245,118.211,42.507,-1.934
246,117.169,73.423,-7.094
247,128.671,55,10.902
248,115.156,37.13,9.566
249,113.591,36.685,9.225
250,112.154,48.235,21.376
251,117.969,71.218,32.944
252,98.849,62.212,30.35
253,98.416,70.972,24.032
254,90.412,46.228,8.598
255,84.982,52.125,25.396
256,87.377,22.12,33.572
257,86.045,33.015,20.426
258,76.489,5.943,21.271
259,56.934,28.093,22.386
260,37.687,12.509,19.655
261,14.146,15.558,38.951
262,35.83,19.608,28.1
263,46.993,9.131,31.861
264,43.083,-0.406,32.618
265,38.79,-13.115,32.394
266,34.33,18.397,52.964
267,17.791,12.016,39.362
268,57.131,3.036,35.485
269,22.051,-11.102,19.681
270,20.908,1.974,28.022
271,41.858,-1.767,17.62
272,44.608,-24.107,0.327
273,44.547,-22.432,-10.267
274,60.045,-4.283,-3.024
275,54.029,-30.757,-9.097
276,42.628,-32.346,-9.532
277,46.783,-61.378,-3.673
278,61.791,-61.909,1.739
279,70.391,-66.747,-8.161
280,49.721,-68.93,-17.498
281,46.289,-54.758,-11.747
282,57.649,-51.038,-9.54
283,58.709,-62.611,-12.615
284,56.061,-56.1,7.986
285,57.448,-52.488,7.771
286,62.361,-69.355,-2.776
287,63.194,-55.731,-0.629
288,67.243,-64.923,-13.288
289,58.452,-60.987,-11.877
290,66.299,-64.431,-23.474
291,61.109,-77.484,-15.407
292,69.193,-61.15,-22.217
293,48.623,-51.094,-22.805
294,56.164,-53.931,-39.42
295,57.107,-55.811,-25.09
296,50.82,-50.133,-10.675
297,49.825,-30.301,-19.157
298,60.602,-52.843,-27.391
299,50.858,-59.205,-43.256
300,51.663,-46.747,-12.312
301,36.231,-49.928,-19.667
302,40.48,-50.957,-35.957
303,40.148,-28.571,-9.409
304,36.83,-62.122,-30.66
305,29.471,-42.985,-30.485
306,33.959,-73.202,-47.096
307,21.319,-57.34,-45.536
308,11.737,-50.105,-54.01
309,21.225,-58.619,-42.784
310,36.736,-59.572,-44.511
311,38.408,-72.679,-56.026
312,34.4,-49.182,-58.915
313,38.896,-29.809,-66.376
314,30.619,-30.734,-59.489
315,45.268,-13.288,-64.693
316,41.668,-15.438,-50.584
317,41.357,3.3,-59.671
318,33.911,-10.979,-52.81
319,35.816,-11.792,-39.207
320,28.048,0.015,-22.441
321,23.74,8.26,-22.944
322,58.47,-17.973,-11.486
323,69.138,-24.152,-25.66
324,60.091,-20.506,-44.24
325,49.577,-5.32,-30.71
326,49.338,-2.11,-10.298
327,52.758,-2.252,-21.578
328,43.077,-14.229,-24.72
329,63.756,-31.806,-5.935
330,50.555,-33.269,-4.195
331,36.184,-13.779,-36.584
332,35.167,-1.302,-27.048
333,46.967,1.914,-24.028
334,46.891,0.454,-13.781
335,42.213,16.468,-11.958
336,39.016,10.314,-8.312
337,30.142,6.554,8.462
338,39.588,12.769,35.031
339,20.673,13.621,14.506
340,30.686,23.341,3.489
341,36.695,33.522,13.829
342,29.053,28.363,29.65
343,24.67,46.93,66.188
344,32.718,35.014,44.296
345,18.356,52.812,42.776
346,24.09,49.297,53.898
347,18.692,62.589,42.412
348,33.637,39.575,53.256
349,29.382,36.713,34.758
350,28.585,25.773,31.232
351,18.459,32.752,56.077
352,24.624,52.656,62.889
353,33.113,24.877,54.904
354,29.416,36.084,65.546
355,22.841,25.231,65.855
356,24.174,11.032,42.545
357,5.555,-5.779,52.727
358,16.552,-12.364,57.15
359,-1.114,20.918,64.805
360,-5.874,24.483,79.585
361,-13.734,10.306,51.708
362,-13.168,11.458,53.864
363,-3.668,39.484,69.22
364,23.231,24.751,57.248
365,17.49,29.924,57.372
366,18.645,48.385,48.374
367,0.4,27.625,28.936
368,-2.604,16.375,39.144
369,-26.708,11.172,23.957
370,3.816,-7.271,23.539
371,25.955,29.477,16.486
372,22.898,35.517,25.632
373,47.915,66.152,35.598
374,47.853,46.486,29.378
375,34.643,41.071,23.569
376,30.515,62.036,23.634
377,29.429,52.601,13.369
378,31.111,63.545,48.454
379,36.581,70.281,35.623
380,16.386,80.149,58.401
381,33.198,78.518,42.069
382,31.5,70.839,55.822
383,49.194,64.617,52.544
384,38.785,48.194,58.99
385,22.744,54.747,69.88
386,19.976,48.92,70.199
387,7.389,58.945,93.808
388,13.362,25.495,73.021
389,11.791,38.303,86.863
390,27.765,47.128,78.422
391,22.09,66.977,75.076
392,45.131,62.986,79.393
393,20.262,70.994,58.314
394,18.419,54.986,71.188
395,35.733,87.682,71.886
396,26.033,83.844,59.861
397,31.9,98.425,69.693
398,47.532,93.715,71.225
399,38.42,94.577,68.183
400,69.728,83.29,85.57
401,66.191,84.431,90.007
402,62.842,75.147,71.28
403,57.657,77.73,58.761
404,59.789,78.637,83.301
405,40.8,68.692,71.774
406,37.212,77.605,57.3
407,19.945,76.382,67.35
408,24.994,68.15,44.908
409,27.992,81.007,52.143
410,50.791,62.311,34.71
411,37.391,57.089,71.193
412,26.595,41.975,61.869
413,23.042,46.365,58.063
414,37.285,75.174,84.147
415,25.325,66.771,70.963
416,29.914,64.557,60.798
417,47.359,94.702,73.222
418,49.101,74.613,57.185
419,34.049,64.551,49.38
420,53.254,84.78,61.904
421,21.163,73.894,67.141
422,22.736,92.991,52.94
423,25.805,62.485,65.876
424,36.994,76.137,53.483
425,38.953,53.592,46.332
426,29.308,42.61,72.888
427,58.944,37.828,41.098
428,60.745,14.09,35.172
429,64.069,19.85,41.904
430,57.716,19.373,28.897
431,51.474,-34.175,7.41
432,54.495,-27.78,35.161
433,29.637,-43.75,20.651
434,62.204,-49.685,42.799
435,62.454,-66.815,17.5
436,69.755,-72.705,28.674
437,77.468,-50.869,41.039
438,57.741,-51.339,46.062
439,76.305,-44.754,40.241
440,72.125,-76.289,22.396
441,78.928,-56.082,28.766
442,89.091,-63.347,20.602
443,79.796,-77.915,38.817
444,59.809,-84.206,35.256
445,54.693,-64.866,49.927
446,58.29,-49.787,51.045
447,42.444,-63.896,52.509
448,24.84,-47.069,49.101
449,39.806,-72.415,58.341
450,25.571,-56.741,44.612
451,40.631,-60.594,23.595
452,64.283,-27.638,38.42
453,76.876,11.106,50.341
454,57.609,-1.011,55.844
455,64.305,4.387,55.61
456,65.703,-2.726,52.727
457,78.047,-2.543,52.922
458,85.133,-1.368,55.003
459,50.107,-3.231,59.283
460,46.47,-1.46,75.59
461,52.515,-6.507,70.692
462,33.704,11.877,97.301
463,28.732,28.444,100.963
464,24.206,45.187,114.997
465,19.184,45.323,118.372
466,15.874,44.279,118.123
467,36.857,0.545,111.876
468,36.606,23.039,110.703
469,46.211,23.78,114.389
470,49.806,43.792,131.568
471,59.67,24.703,109.113
472,41.789,8.415,104.569
473,51.535,35.833,94.009
474,22.931,39.314,119.039
475,34.181,38.898,98.169
476,31.928,71.862,96.963
477,36.743,67.751,92.968
478,42.165,68.32,90.18
479,39.309,51.676,90.377
480,38.404,36.118,81.315
481,39.973,12.333,72.39
482,16.248,32.885,95.423
483,28.297,24.576,76.735
484,30.302,7.472,72.048
485,15.56,21.069,79.044
486,24.525,11.812,81.178
487,20.23,-0.064,95.363
488,27.542,-22.372,82.903
489,17.459,-3.258,69.864
490,20.318,24.017,72.255
491,21.848,15.833,79.247
492,33.911,-17.81,81.667
493,31.092,-18.933,67.248
494,15.245,-32.846,86.078
495,20.772,-12.92,74.748
496,45.953,-10.454,82.743
497,31.225,-8.204,57.714
498,77.051,-11.215,50.248
499,74.939,28.589,52.973
500,60.954,19.733,60.967
501,49.402,17.896,55.305
502,51.466,13.556,62.763
503,44.226,-24.93,52.741
504,49.838,-7.755,58.856
505,58.784,-12.208,58.887
506,45.208,7.259,60.89
507,35.264,-5.579,73.293
508,32.012,-13.234,72.486
509,17.956,-18.864,66.489
510,34.261,12.499,79.9
511,27.596,0.877,64.881
512,16.086,-9.033,58.269
513,31.207,-11.408,66.146
514,39.56,-8.681,65.731
515,32.676,4.852,72.225
516,45.656,22.464,52.283
517,44.138,33.94,67.985
518,58.937,18.282,48.704
519,62.246,3.429,53.874
520,39.375,11.848,60.652
521,38.966,12.728,65.365
522,22.907,-21.019,51.799
523,29.735,17.121,77.248
524,48.386,15.521,61.978
525,52.082,16.231,57.531
526,62.093,-4.387,69.705
527,63.643,3.374,40.578
528,44.009,-11.836,46.086
529,58.972,-38.969,29.295
530,65.911,-28.893,26.645
531,39.575,-4.896,38.797
532,50.483,-0.523,32.425
533,61.798,16.868,42.436
534,58.54,16.988,39.072
535,51.857,6.503,39.981
536,49.717,-19.501,33.134
537,40.755,-39.883,30.063
538,54.286,-47.377,17.314
539,48.397,-34.346,13.932
540,59.509,-17.286,31.083
541,54.135,-19.571,16.728
542,59.57,-7.776,35.357
543,55.823,11.495,53.279
544,42.292,32.675,56.472
545,9.677,22.987,69.784
546,2.325,5.567,70.8
547,4.912,-2.259,76.305
548,-4.48,0.959,90.877
549,-32.429,1.364,100.629
550,-24.631,-13.945,78.766
551,-23.369,19.788,106.291
552,-29.593,13.409,125.76
553,-25.866,2.449,128.293
554,-22.773,-3.532,129.012
555,-22.061,-2.631,98.602
556,-22.852,-0.826,102.271
557,-1.959,-18.381,90.389
558,17.661,-48.27,92.666
559,-5.825,-58.292,92.12
560,0.584,-75.732,57.091
561,15.757,-104.892,42.375
562,4.352,-75.533,42.797
563,4.013,-93.295,61.384
564,-6.366,-61.745,59.128
565,6.571,-68.436,47.821
566,-0.435,-36.906,68.859
567,-3.484,-18.643,72.489
568,-19.559,-37.132,54.163
569,-29.215,-12.101,56.429
570,-4.091,-55.673,35.504
571,-17.877,-49.059,12.983
572,-23.095,-54.304,11.141
573,-23.756,-40.471,19.916
574,-20.53,-64.203,28.867
575,-31.899,-65.848,46.606
576,-28.281,-60.037,59.948
577,-39.281,-77.862,48.732
578,-23.6,-38.224,57.727
579,-44.575,-46.567,47.85
580,-50.83,-49.543,37.675
581,-53.456,-25.619,53.898
582,-35.753,-33.601,41.547
583,-49.987,-40.439,50.914
584,-2.284,-17.264,51.096
585,-8.748,-12.996,55.947
586,-13.834,-28.08,64.364
587,-19.782,-19.415,46.541
588,-21.867,-29.999,56.632
589,8.225,-31.035,41.846
590,-4.816,-19.43,40.669
591,-17.407,-27.488,43.794
592,-45.428,-32.982,44.586
593,-46.268,-65.258,48.741
594,-40.008,-65.265,52.758
595,-23.639,-52.136,68.067
596,-11.134,-28.142,57.534
597,-17.942,-28.689,53.13
598,13.389,12.214,61.845
599,18.22,-21.116,44.201
600,32.192,8.691,25.015
601,31.666,-2.499,25.294
602,36.505,1.008,16.743
603,40.356,7.702,-3.601
604,33.301,23.803,21.763
605,53.016,20.342,29.244
606,39.54,11.786,11.387
607,30.903,-8.607,-7.502
608,14.574,-10.688,10.346
609,20.28,-4.792,22.576
610,17.415,10.736,39.719
611,-4.515,18.658,67.89
612,-9.168,-13.517,55.617
613,-6.002,2.383,52.362
614,-7.602,3.777,44.176
615,-11.701,0.958,34.442
616,-8.782,8.511,34.488
617,-18.291,23.578,41.181
618,-16.224,55.973,51.038
619,-29.297,43.007,49.705
620,-25.412,-1.581,48.892
621,-28.359,-29.657,56.64
622,-31.975,-31.596,52.448
623,-29.444,-35.474,46.698
624,-26.215,-55.145,58.204
625,-21.204,-63.168,46.459
626,-11.144,-83.413,41.695
627,-12.667,-109.21,10.358
628,-11.112,-115.239,4.771
629,-23.558,-115.246,-5.801
630,-39.073,-97.16,32.574
631,-21.432,-82.029,36.093
632,-35.547,-61.226,55.633
633,-18.666,-74.245,44.832
634,-27.271,-50.167,54.048
635,-46.969,-59.071,63.384
636,-55.491,-73.019,42.34
637,-64.888,-51.589,60.921
638,-45.442,-105.377,37.072
639,-13.685,-113.327,34.976
640,-31.139,-97.282,33.323
641,-4.212,-102.005,13.966
642,23.897,-101.725,12.936
643,2.2,-106.944,0.046
644,0.374,-91.111,16.809
645,-11.061,-68.459,37.558
646,1.628,-81.331,16.896
647,5.37,-77.767,18.218
648,13.729,-97.059,20.969
649,-9.313,-118.073,14.805
650,-13.24,-94.933,9.186
651,-13.64,-100.2,6.493
652,-5.757,-90.143,15.018
653,-4.774,-64.418,26.296
654,-9.327,-51.1,27.844
655,-17.332,-58.917,43.102
656,-34.425,-45.696,42.294
657,-39.821,-55.086,50.116
658,-34.489,-48.117,44.637
659,-24.315,-60.702,45.907
660,-33.776,-35.459,56.212
661,-66.074,-76.479,52.56
662,-56.97,-85.195,44.495
663,-63.57,-72.383,53.151
664,-53.419,-68.795,35.262
665,-23.581,-63.927,12.332
666,-31.146,-77.855,11.116
667,-68.137,-80.362,15.311
668,-37.273,-82.479,14.832
669,-49.652,-95.191,-12.392
670,-78.822,-105.73,4.587
671,-90.346,-92.003,15.427
672,-88.888,-89.899,12.438
673,-85.429,-94.6,0.611
674,-67.272,-92.892,45.079
675,-61.034,-72.972,53.529
676,-91.455,-58.108,62.717
677,-85.348,-53.034,69.866
678,-72.933,-82.653,50.892
679,-74.063,-72.502,59.066
680,-76.569,-77.864,62.316
681,-74.848,-75.691,61.082
682,-88.57,-59.963,79.753
683,-70.507,-62.564,85.808
684,-52.781,-50.536,87.624
685,-56.694,-76.455,60.354
686,-44.317,-64.241,55.65
687,-69.219,-56.213,67.104
688,-65.807,-50.901,68.931
689,-68.159,-54.86,62.184
690,-76.749,-58.369,66.856
691,-54.791,-73.105,53.008
692,-66.809,-81.851,39.835
693,-75.501,-63.624,46.611
694,-65.43,-78.196,44.146
695,-46.169,-74.72,67.693
696,-79.348,-47.998,55.193
697,-80.18,-48.819,74.709
698,-83.58,-60.614,48.843
699,-91.851,-69.629,60.444
700,-81.269,-62.137,55.351
701,-94.981,-61.315,61.798
702,-107.709,-41.901,67.133
703,-106.807,-42.572,66.888
704,-95.293,-47.21,53.068
705,-111.133,-28.52,87.922
706,-108.789,-45.268,67.216
707,-116.02,-51.042,57.114
708,-99.847,-51.92,49.971
709,-97.726,-25.143,61.911
710,-94.265,-21.868,45.033
711,-95.487,-53.145,38.231
712,-69.967,-44.704,34.381
713,-96.939,-34.719,43.059
714,-87.544,-51.047,42.97
715,-83.653,-85.388,15.456
716,-79.609,-79.272,27.629
717,-93.441,-53.799,43.223
718,-80.5,-58.423,39.542
719,-75.929,-31.319,53.754
720,-92.546,-32.839,40.342
721,-93.882,-52.197,50.856
722,-94.528,-47.247,62.625
723,-87.291,-63.32,45.281
724,-103.909,-75.657,54.538
725,-90.198,-71.495,39.722
726,-106.46,-49.494,57.058
727,-99.722,-40.519,70.317
728,-93.481,-50.867,55.044
729,-102.619,-47.807,57.958
730,-117.073,-34.527,62.698
731,-93.726,-29.47,70.997
732,-81.776,-34.884,71.485
733,-94.958,-67.439,51.689
734,-96.468,-47.698,44.33
735,-93.987,-40.574,60.559
736,-125.058,-49.822,34.112
737,-128.811,-57.745,33.271
738,-116.829,-46.851,30.936
739,-108.283,-54.246,41.158
740,-106.355,-54.016,24.107
741,-93.635,-46.072,48.617
742,-122.686,-46.767,48.003
743,-132.982,-74.482,33.821
744,-119.27,-74.356,13.236
745,-121.714,-82.353,-18.96
746,-121.846,-75.2,0.125
747,-134.707,-75.907,4.521
748,-127.853,-75.663,3.055
749,-136.244,-68.808,-6.766
750,-137.016,-72.202,-17.543
751,-134.218,-76.662,-40.582
752,-116.691,-92.912,-18.033
753,-108.125,-99.197,-31.693
754,-105.069,-102.726,-34.52
755,-126.482,-105.086,-45.82
756,-129.071,-81.343,-24.276
757,-126.129,-94.419,-55.711
758,-123.175,-71.99,-20.908
759,-122.948,-79.471,-22.206
760,-116.29,-82.035,-23.1
761,-98.349,-82.461,-15.314
762,-107.414,-85.169,-27.708
763,-121.109,-95.144,-11.158
764,-117.656,-108.698,-28.48
765,-118.745,-111.137,-19.011
766,-123.291,-112.586,-30.256
767,-111.348,-130.798,-37.956
768,-97.738,-118.743,-29.075
769,-102.923,-116.454,-29.027
770,-115.047,-111.253,-25.158
771,-101.037,-88.329,-16.498
772,-98.67,-89.617,-6.311
773,-104.018,-72.981,-0.596
774,-113.951,-62.237,17.917
775,-116.012,-46.707,0.569
776,-123.97,-71.615,-22.514
777,-123.598,-64.777,-19.708
778,-135.905,-64.209,-44.047
779,-133.361,-56.218,-31.328
780,-121.687,-52.807,-31.69
781,-114.048,-53.544,-29.649
782,-109.184,-39.81,-31.64
783,-100.643,-25.942,-43.14
784,-105.352,-20.944,-45.772
785,-103.229,-25.242,-27.382
786,-124.058,-13.815,-41.079
787,-122.293,-5.35,-48.872
788,-131.351,-3.526,-52.508
789,-122.189,5.076,-60.559
790,-131.532,-5.623,-60.819
791,-119.413,-24.588,-77.77
792,-118.412,-39.88,-81.633
793,-127.897,-35.212,-56.091
794,-129.237,-71.244,-85.564
795,-131.125,-64.342,-83.043
796,-133.764,-46.438,-77.606
797,-135.762,-47.328,-79.505
798,-125.561,-47.845,-81.303
799,-110.282,-44.533,-78.17
800,-77.803,-40.975,-100.166
801,-90.175,-50.532,-87.773
802,-89.825,-62.005,-92.455
803,-106.412,-39.178,-85.783
804,-100.958,-40.444,-85.684
805,-91.926,-40.633,-108.259
806,-91.796,-35.29,-103.549
807,-97.36,-29.003,-93.066
808,-69.234,-2.137,-94.072
809,-95.633,3.802,-68.735
810,-80.665,17.755,-71.239
811,-91.952,-3.512,-74.799
812,-83.618,8.519,-67.977
813,-84.845,26.75,-72.35
814,-78.789,18.071,-88.097
815,-84.793,8.091,-77.513
816,-97.143,30.038,-68.07
817,-76.65,21.442,-59.264
818,-64.895,31.315,-86.151
819,-101.781,34.891,-68.254
820,-102.597,6.834,-65.752
821,-135.384,-2.778,-51.277
822,-151.018,10.151,-45.183
823,-151.256,-4.223,-46.669
824,-126.791,2.331,-43.589
825,-123.215,-6.851,-44.81
826,-148.891,-21.621,-50.664
827,-130.914,-11.825,-46.667
828,-117.522,-0.512,-37.771
829,-131.45,-3.289,-39.969
830,-127.14,-14.438,-39.238
831,-139.764,-22.819,-48.645
832,-112.955,-5.135,-38.663
833,-127.157,-6.411,-43.815
834,-115.532,-0.61,-37.02
835,-114.634,7.99,-43.969
836,-129.246,-2.642,-31.889
837,-115.108,28.008,-13.796
838,-129.627,25.317,-24.27
839,-125.229,38.838,-11.508
840,-125.098,27.512,-14.74
841,-116.25,8.848,-0.298
842,-107.183,4.742,-5.098
843,-124.638,8.692,-10.989
844,-123.957,2.113,-1.386
845,-121.63,2.225,-6.813
846,-105.908,1.653,1.792
847,-124.406,5.503,-7.552
848,-125.081,-4.886,-29.826
849,-135.963,34.221,-10.916
850,-129.109,39.622,-16.486
851,-111.57,45.18,-8.853
852,-111.288,59.313,-3.374
853,-93.459,58.994,-6.689
854,-118.269,28.977,-28.986
855,-113.83,43.832,-19.789
856,-105.634,29.043,-21.456
857,-95.19,20.706,-0.707
858,-113.044,18.6,-14.088
859,-99.526,13.457,-4.737
860,-116.644,5.455,-11.028
861,-127.93,-0.299,-4.494
862,-148.814,-2.673,-32.557
863,-136.356,23.296,-28.201
864,-137.935,30.664,-13.808
865,-129.484,13.742,-22.105
866,-130.498,20.719,-11.444
867,-123.954,19.34,-6.817
868,-136.755,27.49,-26.173
869,-112.366,20.335,-21.354
870,-121.757,20.185,-8.39
871,-106.359,25.082,-4.67
872,-111.088,30.108,-12.348
873,-120.627,22.756,-29.435
874,-134.527,9.815,-36.51
875,-129.352,27.137,-19.073
876,-122.142,39.273,-9.162
877,-105.942,35.626,-12.83
878,-101.912,31.277,-17.825
879,-95.519,27.746,-11.074
880,-104.04,23.435,-3.317
881,-95.766,32.949,-4.352
882,-106.422,36.471,-3.502
883,-106.836,49.416,-5.389
884,-115.862,36.502,-30.485
885,-116.75,40.332,-24.921
886,-125.255,56.746,-35.592
887,-121.219,47.847,-37.945
888,-132.647,61.489,-25.711
889,-119.873,45.045,-33.708
890,-130.362,40.044,-42.844
891,-129.493,44.32,-31.611
892,-115.073,60.376,-29.884
893,-124.738,41.37,-27.02
894,-116.994,63.048,-22.217
895,-136.431,46.76,-30.084
896,-132.592,63.312,-39.271
897,-132.446,53.429,-42.422
898,-125.669,38.117,-36.84
899,-131.633,34.944,-31.543
900,-144.637,48.678,-22.976
901,-140.924,57.08,-23.396
902,-137.191,54.649,-23.994
903,-151.295,60.289,-11.754
904,-136.315,56.148,-27.049
905,-141.866,49.353,-27.669
906,-137.327,43.97,-16.02
907,-133.88,40.274,-25.559
908,-132.425,58.29,-27.432
909,-119.631,52.498,-39.061
910,-127.123,67.855,-44.333
911,-128.898,61.922,-44.009
912,-125.274,56.231,-30.998
913,-137.284,75.084,-14.984
914,-132.583,67.436,-31.072
915,-117.345,83.119,-21.401
916,-126.613,99.424,-30.681
917,-107.112,119.137,-36.816
918,-127.384,86.565,-33.186
919,-97.615,81.364,-41.441
920,-86.341,76.599,-61.429
921,-86.146,47.642,-62.039
922,-110.884,61.22,-53.622
923,-94.26,71.564,-62.78
924,-104.913,53.687,-67.282
925,-105.432,53.317,-63.563
926,-86.605,59.178,-70.611
927,-80.626,75.199,-70.962
928,-94.356,85.173,-60.371
929,-98.007,57.564,-55.576
930,-123.833,72.187,-37.443
931,-133.837,63.694,-46.238
932,-111.6,51.171,-57.31
933,-97.986,86.351,-62.638
934,-110.615,62.013,-64.993
935,-113.6,16.287,-84.528
936,-103.589,23.258,-70.119
937,-84.741,12.752,-75.853
938,-92.723,36.417,-78.301
939,-84.202,46.323,-89.262
940,-105.732,36.529,-93.361
941,-112.458,21.07,-73.263
942,-105.408,-24.613,-101.544
943,-113.49,4.716,-78.363
944,-115.429,30.933,-61.124
945,-142.172,47.254,-56.684
946,-133.123,44.863,-55.523
947,-144.593,58.347,-45.145
948,-162.661,62.62,-51.106
949,-141.988,61.154,-51.68
950,-140.358,79.361,-50.004
951,-133.98,90.995,-42.04
952,-134.385,110.779,-34.387
953,-130.418,97.235,-53.689
954,-129.347,99.088,-50.411
955,-112.213,121.116,-56.465
956,-112.04,117.5,-49.947
957,-119.897,107.685,-42.611
958,-124.669,94.816,-39.449
959,-123.735,91.947,-48.562
960,-120.419,95.739,-57.141
961,-127.973,102.382,-46.909
962,-120.267,117.32,-46.764
963,-115.16,109.516,-49.578
964,-131.506,123.898,-35.085
965,-105.95,130.629,-43.035
966,-121.297,117.576,-25.171
967,-107.045,133.861,-24.52
968,-115.084,97.334,-40.963
969,-108.578,110.713,-28.893
970,-109.391,106.109,-39.132
971,-107.94,132.082,-29.596
972,-117.917,121.835,-37.465
973,-108.205,117.975,-32.126
974,-98.762,108.463,-34.742
975,-112.148,101.45,-38.89
976,-124.118,119.88,-38.398
977,-99.666,119.909,-48.381
978,-95.108,119.405,-45.08
979,-96.811,125.784,-35.886
980,-109.267,116.057,-44.552
981,-128.335,113.774,-40.33
982,-106.654,134.742,-42.354
983,-113.501,128.788,-42.442
984,-118.343,118.495,-38.504
985,-117.796,113.593,-52.507
986,-105.121,111.733,-40.441
987,-117.956,122.398,-29.268
988,-106.965,121.109,-32.544
989,-113.127,127.155,-35.082
990,-114.963,117.406,-37.315
991,-99.948,117.287,-26.346
992,-101.033,112.686,-33.218
993,-106.533,118.815,-28.942
994,-114.088,113.522,-38.61
995,-105.372,122.954,-42.269
996,-106.199,127.837,-38.258
997,-88.753,122.226,-43.552
998,-97.172,124.016,-23.258
999,-102.11,114.119,-44.599
1000,-108.263,125.907,-23.219
